FirstName,LastName,EmailAddress,Title,Description
Eleanor,Flores,florese@my-company.com,Office Manager,Coordinates office operations and administrative tasks
Emma,Garcia,garciae@my-company.com,Accountant,Manages financial records and prepares tax documents
James,Taylor,taylorj@my-company.com,Financial Analyst,"James is a skilled Financial Analyst who analyzes financial data, creates reports, and supports strategic financial planning."
Emily,Johnson,johnsone@my-company.com,QA Analyst,Ensures software quality through testing and analysis
Ava,Johnson,johnsona@my-company.com,Procurement Manager,Ava is an experienced Procurement Manager with a strong background in supply chain management and vendor relations. She is responsible for overseeing the procurement process to ensure the company's purchasing needs are met efficiently and cost-effectively.
Jack,Taylor,taylorj@my-company.com,Quality Control Analyst,Jack is a detail-oriented Quality Control Analyst with expertise in quality assurance and process improvement. He ensures that products meet quality standards and regulatory requirements.
Ethan,Brown,browne@my-company.com,Research Scientist,Ethan is an innovative Research Scientist with expertise in experimental design and data analysis. He conducts research to develop new products and improve existing ones.
William,Rodriguez,rodriguezw@my-company.com,DevOps Engineer,Manages infrastructure and deployment processes
Mason,Clark,clarkm@my-company.com,Research Scientist,"Mason is an innovative Research Scientist with expertise in experimental design and data analysis, contributing to the company's R&D efforts."
Ethan,Thomas,thomase@my-company.com,Sales Representative,Promotes and sells company products to clients
Sophia,Walker,walkers@my-company.com,Health and Safety Manager,Sophia is a dedicated Health and Safety Manager with a strong background in occupational health and safety. She develops and implements safety policies to ensure a safe work environment.
John,Doe,doej@my-company.com,Chief Executive Officer,"John is a visionary leader and seasoned executive with a track record of driving growth and innovation. As the Chief Executive Officer, he is responsible for setting the company's strategic direction and leading the executive team in achieving its goals."
Ava,Hernandez,hernandeza@my-company.com,Legal Counsel,Ava is an experienced Legal Counsel with a strong background in corporate law and contract management. She provides legal advice and ensures legal compliance for the company.
Jayden,Howard,howardj@my-company.com,Product Manager,Oversees product development and strategy
Owen,Carter,cartero@my-company.com,Account Manager,Maintains client relationships and manages accounts
Ethan,White,whitee@my-company.com,Office Manager,"Ethan is a highly organized Office Manager who oversees office operations, manages administrative staff, and ensures the office runs smoothly."
Emma,Williams,williamse@my-company.com,Sales Coordinator,"Emma is a proactive Sales Coordinator who supports the sales team by managing schedules, coordinating sales activities, and ensuring customer satisfaction."
Alexander,Hernandez,hernandeza@my-company.com,Quality Control Inspector,Alexander is a meticulous Quality Control Inspector who ensures that products meet quality standards and specifications.
Lucas,Garcia,garcial@my-company.com,HR Manager,"Lucas is a results-oriented HR Manager with expertise in talent acquisition, employee relations, and organizational development. He leads the HR team in creating and implementing HR strategies to support the company's objectives and foster a positive work culture."
James,Wong,wongj@my-company.com,Operations Manager,James is a dynamic Operations Manager with a proven track record of optimizing business processes and improving operational efficiency. He oversees the company's day-to-day operations to ensure smooth and seamless workflow across departments.
Olivia,Davis,daviso@my-company.com,Marketing Coordinator,Coordinates marketing campaigns and initiatives
Henry,Adams,adamsh@my-company.com,Logistics Specialist,Henry is an efficient Logistics Specialist with experience in supply chain management and inventory control. He coordinates logistics activities to ensure timely delivery of products.
Amelia,Clark,clarka@my-company.com,Office Manager,Coordinates office operations and administrative tasks
James,Wilson,wilsonj@my-company.com,Production Supervisor,James is an efficient Production Supervisor with expertise in managing production lines and ensuring product quality. He supervises the production team and optimizes manufacturing processes.
Emma,Martinez,martineze@my-company.com,Customer Service Representative,Emma is a friendly Customer Service Representative who assists customers with inquiries and resolves issues to ensure customer satisfaction.
Victoria,Turner,turnerv@my-company.com,Marketing Coordinator,Coordinates marketing campaigns and initiatives
Hudson,Murphy,murphyh@my-company.com,HR Specialist,Manages human resources functions and employee relations
Nora,Ward,wardn@my-company.com,Office Manager,Coordinates office operations and administrative tasks
Charlotte,Lee,leec@my-company.com,Quality Control Inspector,Charlotte is a detail-oriented Quality Control Inspector who ensures that products meet quality standards and specifications. She conducts inspections and tests to maintain product quality.
Jackson,Adams,adamsj@my-company.com,Product Manager,Oversees product development and strategy
Ethan,Taylor,taylore@my-company.com,Procurement Analyst,"Ethan is a detail-oriented Procurement Analyst who evaluates suppliers, negotiates contracts, and ensures cost-effective procurement."
Noah,Walker,walkern@my-company.com,Health and Safety Officer,Noah is a responsible Health and Safety Officer who develops and implements safety policies to ensure a safe working environment.
Lily,Edwards,edwardsl@my-company.com,Payroll Specialist,Manages employee payroll and related tasks
Christopher,Murphy,murphyc@my-company.com,QA Analyst,Performs software testing and quality assurance
Jack,Campbell,campbellj@my-company.com,QA Analyst,Performs software testing and quality assurance
Christopher,Taylor,taylorc@my-company.com,QA Analyst,Performs software testing and quality assurance
Michael,Wilson,wilsonm@my-company.com,Health and Safety Officer,Michael is a dedicated Health and Safety Officer responsible for ensuring workplace safety and compliance with health and safety regulations.
Sophia,White,whites@my-company.com,Procurement Coordinator,"Sophia is an organized Procurement Coordinator who assists in procurement processes, manages supplier relationships, and ensures timely delivery of goods."
Jane,Martin,martinj@my-company.com,Financial Analyst,Conducts financial planning and investment analysis
Christopher,Smith,smithc@my-company.com,Sales Representative,"Christopher is a results-driven Sales Representative with excellent communication and negotiation skills. He is responsible for generating leads, building client relationships, and closing sales to achieve revenue targets."
William,Scott,scottw@my-company.com,IT Systems Analyst,William is a skilled IT Systems Analyst with expertise in system integration and network management. He ensures the smooth operation of IT systems and resolves technical issues.
Robert,Miller,millerr@my-company.com,HR Specialist,Manages human resources functions and employee relations
William,Moore,moorew@my-company.com,Financial Analyst,Analyzes financial data and prepares reports
Mason,Garcia,garciam@my-company.com,Business Development Manager,Identifies and develops new business opportunities
Paisley,Kelly,kellyp@my-company.com,Accountant,Manages financial records and prepares tax documents
John,Smith,smithj@my-company.com,Sales Manager,"John is a strategic Sales Manager with a passion for driving business growth and exceeding sales targets. He leads the sales team in developing sales strategies, managing key accounts, and maximizing revenue opportunities."
Emily,Davis,davise@my-company.com,Logistics Manager,"Emily is a strategic Logistics Manager who oversees logistics operations, manages supply chain processes, and ensures efficient delivery of goods."
Benjamin,King,kingb@my-company.com,Sales Coordinator,Benjamin is an organized Sales Coordinator with strong skills in customer communication and sales support. He assists the sales team in managing schedules and client interactions.
Zoe,Rogers,rogersz@my-company.com,Financial Analyst,Conducts financial planning and investment analysis
Andrew,Cook,cooka@my-company.com,Account Manager,Maintains client relationships and manages accounts
Michael,Brown,brownm@my-company.com,Production Supervisor,Michael is an experienced Production Supervisor responsible for overseeing production processes and ensuring product quality.
Ava,Lee,leea@my-company.com,Customer Service Representative,Ava is a friendly Customer Service Representative who provides excellent customer support and resolves customer issues effectively.
Ethan,Rodriguez,rodrigueze@my-company.com,Production Technician,Ethan is a skilled Production Technician responsible for operating and maintaining production equipment and ensuring efficient production processes.
Charlotte,Nelson,nelsonc@my-company.com,Quality Assurance Manager,Charlotte is a detail-oriented Quality Assurance Manager with expertise in quality control and process improvement. She ensures that products meet quality standards and regulatory requirements.
Sofia,Hill,hills@my-company.com,Customer Support Representative,Assists customers with inquiries and issues
David,Jones,jonesd@my-company.com,Financial Analyst,Analyzes financial data and prepares reports
Christopher,Roberts,robertsc@my-company.com,Chief Human Resources Officer,"Christopher is a forward-thinking HR leader with expertise in talent management, employee engagement, and HR technology. As the Chief Human Resources Officer, he is responsible for shaping the company's HR strategy and fostering a culture of diversity and inclusion."
Isabella,Thompson,thompsoni@my-company.com,Customer Support Representative,Assists customers with inquiries and issues
Harper,Walker,walkerh@my-company.com,DevOps Engineer,Automates and optimizes development processes
Olivia,Davis,daviso@my-company.com,Legal Assistant,"Olivia is a proficient Legal Assistant who supports the legal team by preparing documents, conducting research, and managing case files."
Luke,Collins,collinsl@my-company.com,Business Development Manager,Identifies and develops new business opportunities
Luna,Rivera,riveral@my-company.com,Sales Representative,Generates leads and closes sales deals
Liam,White,whitel@my-company.com,HR Specialist,Manages human resources functions and employee relations
Ava,Moore,moorea@my-company.com,Sales Executive,"Ava is a dynamic Sales Executive with a proven track record in sales strategy and client acquisition, driving business growth and revenue."
Isaac,James,jamesi@my-company.com,Account Manager,Maintains client relationships and manages accounts
Chloe,Mitchell,mitchellc@my-company.com,DevOps Engineer,Automates and optimizes development processes
Joseph,Anderson,andersonj@my-company.com,Software Engineer,Designs and implements software solutions
Olivia,Taylor,tayloro@my-company.com,Account Manager,Manages client relationships and accounts
Jackson,White,whitej@my-company.com,Operations Analyst,Jackson is a proficient Operations Analyst with expertise in process optimization and data analysis. He analyzes operational data to identify areas for improvement and efficiency.
Alex,Garcia,garciaa@my-company.com,HR Coordinator,"Alex is an organized and detail-oriented HR Coordinator with a passion for supporting HR initiatives and processes. He assists the HR team in recruitment, onboarding, and employee relations activities."
Isaiah,Stewart,stewarti@my-company.com,Product Manager,Oversees product development and strategy
Leah,Bell,belll@my-company.com,Accountant,Manages financial records and prepares tax documents
Michelle,Chen,chenm@my-company.com,Logistics Coordinator,"Michelle is a dedicated Logistics Coordinator with expertise in coordinating shipments, managing inventory, and optimizing supply chain logistics. She plays a key role in ensuring timely and efficient delivery of goods."
James,Brown,brownj@my-company.com,IT Support Technician,"James is a helpful IT Support Technician who provides technical support, troubleshoots issues, and ensures smooth IT operations."
Emma,Adams,adamse@my-company.com,HR Coordinator,"Emma is a dedicated HR Coordinator who supports the HR team in various functions including recruitment, onboarding, and employee engagement."
Zoe,Phillips,phillipsz@my-company.com,Accountant,Manages financial records and prepares tax documents
Elizabeth,Moore,mooree@my-company.com,DevOps Engineer,Automates and optimizes development processes
Alexander,Lopez,lopeza@my-company.com,Production Engineer,Alexander is an innovative Production Engineer with expertise in process optimization and machinery maintenance. He works to improve production efficiency and product quality.
Lucas,Perez,perezl@my-company.com,Finance Assistant,"Lucas is a reliable Finance Assistant who supports the finance department by handling administrative tasks, processing transactions, and maintaining financial records."
Megan,Smith,smithm@my-company.com,Finance Manager,Megan is a seasoned Finance Manager with expertise in financial analysis and budget planning. She oversees the financial operations and ensures compliance with financial regulations.
Olivia,Smith,smitho@my-company.com,Marketing Assistant,"Olivia is an enthusiastic Marketing Assistant who supports the marketing team by conducting research, creating content, and coordinating marketing activities."
Daniel,Garcia,garciad@my-company.com,Operations Coordinator,Daniel is an efficient Operations Coordinator responsible for coordinating and overseeing operational activities to ensure smooth business operations.
Emma,Martinez,martineze@my-company.com,Marketing Coordinator,Emma is a creative Marketing Coordinator who assists in developing marketing strategies and managing marketing campaigns.
Jane,Smith,smithj@my-company.com,Chief Technology Officer,"Jane is a visionary technologist with a passion for driving innovation and digital transformation. As the Chief Technology Officer, she leads the technology team in developing and implementing IT strategies to support business objectives."
Lucas,Martinez,martinezl@my-company.com,IT Manager,"Lucas is a strategic IT Manager who oversees the IT department, manages IT projects, and ensures system security and efficiency."
Grayson,Torres,torresg@my-company.com,DevOps Engineer,Manages infrastructure and deployment processes
Benjamin,King,kingb@my-company.com,HR Specialist,Manages human resources functions and employee relations
Dylan,Torres,torresd@my-company.com,Software Engineer,Designs and implements software solutions
Emma,Anderson,andersone@my-company.com,Research Assistant,"Emma is a curious and resourceful Research Assistant with a keen interest in exploring new ideas and technologies. She supports the research team in conducting experiments, gathering data, and analyzing findings."
Sophia,Anderson,andersons@my-company.com,QA Analyst,Ensures software quality through testing and analysis
Gabriel,Rivera,riverag@my-company.com,DevOps Engineer,Manages infrastructure and deployment processes
Lucas,Lopez,lopezl@my-company.com,DevOps Engineer,Manages infrastructure and deployment processes
William,Hill,hillw@my-company.com,HR Specialist,"William is a knowledgeable HR Specialist with experience in recruitment, employee relations, and benefits administration. He supports the HR department in various HR functions."
Aubrey,Cox,coxa@my-company.com,Payroll Specialist,Manages employee payroll and related tasks
Bella,Ramirez,ramirezb@my-company.com,DevOps Engineer,Automates and optimizes development processes
Joseph,Young,youngj@my-company.com,Software Engineer,Develops and maintains software applications
Emily,Brown,browne@my-company.com,Chief Operations Officer,"Emily is a dynamic business leader with a proven track record of driving operational excellence and business growth. As the Chief Operations Officer, she oversees the company's day-to-day operations and strategic initiatives."
Charles,Jackson,jacksonc@my-company.com,Account Manager,Maintains client relationships and manages accounts
James,Wilson,wilsonj@my-company.com,Software Engineer,Develops and maintains software applications
Isabella,Wilson,wilsoni@my-company.com,Office Manager,Coordinates office operations and administrative tasks
Emily,Harris,harrise@my-company.com,IT Support Technician,"Emily is a proficient IT Support Technician who assists in maintaining IT systems and resolving technical issues, providing support to employees."
Sophia,Robinson,robinsons@my-company.com,Legal Secretary,"Sophia is an organized Legal Secretary who supports the legal team by managing schedules, preparing documents, and handling communication."
Sophia,Martinez,martinezs@my-company.com,Customer Support Representative,Assists customers with inquiries and issues
Sophie,Perez,perezs@my-company.com,Logistics Coordinator,"Sophie is a dedicated Logistics Coordinator who manages the logistics and supply chain operations, ensuring timely delivery of goods and efficient logistics processes."
Savannah,Watson,watsons@my-company.com,Financial Analyst,Conducts financial planning and investment analysis
Lily,Thomas,thomasl@my-company.com,HR Specialist,"Lily is a skilled HR Specialist with experience in employee relations and talent management. She supports the HR team in various functions, including recruitment and employee development."
Julian,Morgan,morganj@my-company.com,Software Engineer,Develops and maintains software applications
Ava,Lopez,lopeza@my-company.com,Payroll Specialist,Manages employee payroll and related tasks
Sebastian,Baker,bakers@my-company.com,Software Engineer,Designs and implements software solutions
Richard,Hernandez,hernandezr@my-company.com,Business Development Manager,Identifies and develops new business opportunities
Daniel,Williams,williamsd@my-company.com,Production Engineer,Daniel is an experienced Production Engineer who designs and optimizes manufacturing processes to improve efficiency and quality.
Mia,Thomas,thomasm@my-company.com,Sales Representative,Generates leads and closes sales deals
Elijah,Robinson,robinsone@my-company.com,Product Manager,Oversees product development and strategy
Violet,Cooper,cooperv@my-company.com,Customer Support Representative,Assists customers with inquiries and issues
Kennedy,Price,pricek@my-company.com,Marketing Coordinator,Coordinates marketing campaigns and initiatives
Daniel,Lee,leed@my-company.com,Quality Assurance Specialist,"Daniel is a detail-oriented Quality Assurance Specialist with a passion for ensuring product quality and customer satisfaction. He conducts quality inspections, tests product samples, and identifies areas for improvement."
Brian,Johnson,johnsonb@my-company.com,Sales Associate,Brian is a motivated Sales Associate with a talent for building strong customer relationships and driving sales. He excels in identifying customer needs and providing tailored solutions.
Avery,Green,greena@my-company.com,Payroll Specialist,Manages employee payroll and related tasks
Benjamin,Garcia,garciab@my-company.com,Safety Coordinator,Benjamin is a diligent Safety Coordinator who ensures workplace safety compliance and conducts regular safety training.
David,Martinez,martinezd@my-company.com,Customer Service Manager,David is an experienced Customer Service Manager dedicated to ensuring customer satisfaction. He manages the customer service team and implements strategies to improve customer support.
Sophia,Wilson,wilsons@my-company.com,Operations Analyst,Sophia is an analytical Operations Analyst who improves operational efficiency by analyzing data and developing process improvements.
Laura,Taylor,taylorl@my-company.com,Chief Marketing Officer,"Laura is a results-driven marketing leader with expertise in developing and executing strategic marketing campaigns. As the Chief Marketing Officer, she is responsible for driving brand awareness, generating leads, and maximizing ROI."
Ethan,King,kinge@my-company.com,Logistics Specialist,"Ethan is an efficient Logistics Specialist who coordinates the movement of goods, manages logistics processes, and ensures timely delivery."
Olivia,Brown,browno@my-company.com,Administrative Assistant,Olivia is a reliable and efficient Administrative Assistant with strong organizational skills and attention to detail. She provides administrative support to the executive team and ensures office operations run smoothly.
Noah,Martin,martinn@my-company.com,DevOps Engineer,Manages infrastructure and deployment processes
Jaxon,Morris,morrisj@my-company.com,Software Engineer,Designs and implements software solutions
Stella,Bailey,baileys@my-company.com,Marketing Coordinator,Coordinates marketing campaigns and initiatives
David,Miller,millerd@my-company.com,Chief Legal Officer,"David is a seasoned legal professional with expertise in corporate law, compliance, and risk management. As the Chief Legal Officer, he provides strategic legal counsel to the executive team and ensures regulatory compliance."
Emily,Nguyen,nguyene@my-company.com,Customer Service Representative,Emily is a friendly and empathetic Customer Service Representative with a passion for helping customers resolve issues and inquiries. She provides prompt and courteous assistance to ensure a positive customer experience.
Oliver,Rodriguez,rodriguezo@my-company.com,Software Engineer,Designs and implements software solutions
Luca,Gray,grayl@my-company.com,QA Analyst,Performs software testing and quality assurance
Daniel,Anderson,andersond@my-company.com,Sales Associate,"Daniel is a motivated Sales Associate with a customer-focused approach and strong sales skills. He assists customers in finding products, answering questions, and completing purchases to meet their needs."
Elizabeth,Wright,wrighte@my-company.com,Marketing Coordinator,Coordinates marketing campaigns and initiatives
Liam,Martinez,martinezl@my-company.com,Procurement Specialist,"Liam is a diligent Procurement Specialist responsible for sourcing materials and services, negotiating contracts, and ensuring cost-effective procurement."
Sarah,Johnson,johnsons@my-company.com,HR Specialist,"Sarah is a dedicated HR Specialist who manages recruitment processes, employee relations, and ensures compliance with HR policies."
Wyatt,Gomez,gomezw@my-company.com,Software Engineer,Develops and maintains software applications
Abigail,Hernandez,hernandeza@my-company.com,Accountant,Manages financial records and prepares tax documents
Mia,Lewis,lewism@my-company.com,Sales Representative,Generates leads and closes sales deals
Sophia,Davis,daviss@my-company.com,Financial Analyst,Sophia is a detail-oriented Financial Analyst with strong analytical skills and experience in financial modeling and data analysis. She assists in financial planning and analysis.
Victoria,Harris,harrisv@my-company.com,Corporate Strategy Analyst,Victoria is a strategic Corporate Strategy Analyst with a knack for market analysis and competitive research. She helps shape the company's strategic direction and business plans.
Addison,Rivera,riveraa@my-company.com,DevOps Engineer,Automates and optimizes development processes
David,Evans,evansd@my-company.com,HR Specialist,Manages human resources functions and employee relations
Olivia,Brown,browno@my-company.com,Marketing Coordinator,Olivia is a creative Marketing Coordinator with experience in campaign management and digital marketing strategies. She supports the marketing team in executing various marketing initiatives.
Scarlett,Nelson,nelsons@my-company.com,Office Manager,Coordinates office operations and administrative tasks
Emma,Harris,harrise@my-company.com,Marketing Coordinator,Coordinates marketing campaigns and initiatives
Noah,Smith,smithn@my-company.com,Software Developer,Noah is a talented Software Developer with expertise in full-stack development and agile methodologies. He works on developing and maintaining company software applications.
David,Wong,wongd@my-company.com,Marketing Specialist,"David is a creative and analytical Marketing Specialist with expertise in digital marketing and campaign management. He develops marketing strategies, creates compelling content, and analyzes campaign performance."
Evelyn,Allen,allene@my-company.com,Financial Analyst,Conducts financial planning and investment analysis
Charlotte,Martinez,martinezc@my-company.com,Payroll Specialist,Manages employee payroll and related tasks
Matthew,Hall,hallm@my-company.com,Account Manager,Maintains client relationships and manages accounts
Emma,Martinez,martineze@my-company.com,Customer Service Supervisor,Emma is a dedicated Customer Service Supervisor with a passion for customer satisfaction. She leads the customer service team and implements strategies to enhance customer support.
Olivia,Garcia,garciao@my-company.com,Health and Safety Officer,Olivia is a dedicated Health and Safety Officer with a strong background in occupational health. She ensures workplace safety and compliance with health regulations.
Isabella,Hernandez,hernandezi@my-company.com,Legal Assistant,Isabella is a meticulous Legal Assistant with experience in legal research and document preparation. She provides administrative support to the legal team and assists with case management.
Michael,Williams,williamsm@my-company.com,Sales Representative,Promotes and sells company products to clients
Amelia,Clark,clarka@my-company.com,Procurement Coordinator,Amelia is an organized Procurement Coordinator with experience in supply chain management. She coordinates procurement activities and ensures the timely acquisition of materials.
Layla,Roberts,robertsl@my-company.com,Financial Analyst,Conducts financial planning and investment analysis
Benjamin,Johnson,johnsonb@my-company.com,Quality Assurance Engineer,"Benjamin is a detail-oriented Quality Assurance Engineer who ensures product quality by conducting tests, analyzing results, and implementing quality standards."
Amelia,Walker,walkera@my-company.com,Administrative Assistant,Amelia is a highly organized Administrative Assistant who provides administrative support to the executive team and manages office operations efficiently.
Henry,Scott,scotth@my-company.com,Business Development Manager,Identifies and develops new business opportunities
Jacob,Thompson,thompsonj@my-company.com,Research Technician,"Jacob is a skilled Research Technician who supports research projects by conducting experiments, collecting data, and maintaining laboratory equipment."
Ryan,Wong,wongr@my-company.com,IT Support Specialist,"Ryan is a skilled IT Support Specialist with a strong background in troubleshooting and technical support. He assists employees with IT issues, manages hardware and software installations, and ensures the smooth operation of IT systems."
Ava,Jackson,jacksona@my-company.com,Accountant,Manages financial records and prepares tax documents
Olivia,Hall,hallo@my-company.com,Financial Planner,Olivia is a strategic Financial Planner with experience in creating financial plans and advising clients on investment and retirement strategies.
Jessica,Lee,leej@my-company.com,Legal Counsel,"Jessica is a knowledgeable Legal Counsel with expertise in corporate law and regulatory compliance. She provides legal advice to the company, drafts contracts, and ensures that business practices adhere to applicable laws and regulations."
Michael,Brown,brownm@my-company.com,Production Manager,"Michael is an experienced Production Manager with a background in manufacturing and production planning. He oversees the production process, ensures that products are manufactured efficiently, and maintains high quality standards."
Skylar,Peterson,petersons@my-company.com,Sales Representative,Generates leads and closes sales deals
John,Smith,smithj@my-company.com,Software Engineer,Develops and maintains software applications
Penelope,Parker,parkerp@my-company.com,Customer Support Representative,Assists customers with inquiries and issues
Sophie,Lee,lees@my-company.com,Logistics Manager,"Sophie is a strategic Logistics Manager with expertise in supply chain management and logistics planning. She is responsible for coordinating the storage, transportation, and delivery of goods to ensure timely and efficient operations."
Sarah,Brown,browns@my-company.com,Account Manager,Manages client relationships and accounts
Thomas,Gonzalez,gonzalezt@my-company.com,Product Manager,Oversees product development and strategy
Alexander,Scott,scotta@my-company.com,Procurement Officer,"Alexander is a skilled Procurement Officer responsible for sourcing suppliers, negotiating contracts, and ensuring the timely delivery of goods and services."
Sophia,Davis,daviss@my-company.com,Marketing Coordinator,Sophia is a creative Marketing Coordinator with expertise in content creation and campaign management. She supports marketing initiatives and ensures effective communication with target audiences.
Hannah,Nguyen,nguyenh@my-company.com,Sales Representative,Generates leads and closes sales deals
Carter,Richardson,richardsonc@my-company.com,Business Development Manager,Identifies and develops new business opportunities
Emily,Jones,jonese@my-company.com,Marketing Manager,"Emily is an innovative Marketing Manager who develops marketing strategies, manages campaigns, and analyzes market trends."
Sophia,Green,greens@my-company.com,Logistics Analyst,"Sophia is a strategic Logistics Analyst with expertise in supply chain management and logistics optimization, ensuring efficient and cost-effective operations."
Isabella,Moore,moorei@my-company.com,Quality Assurance Manager,"Isabella is a detail-oriented Quality Assurance Manager with expertise in quality control processes and regulatory compliance, ensuring high product standards."
Laura,Martinez,martinezl@my-company.com,Procurement Specialist,"Laura is a detail-oriented Procurement Specialist with a strong understanding of supply chain management and vendor relations. She supports the procurement process by identifying suppliers, negotiating contracts, and managing inventory."
James,Taylor,taylorj@my-company.com,IT Support Specialist,James is a knowledgeable IT Support Specialist who provides technical support to employees and ensures the smooth operation of IT systems and networks.
Ethan,Smith,smithe@my-company.com,Research Coordinator,"Ethan is a thorough Research Coordinator who oversees research projects, manages research data, and ensures compliance with research protocols."
Leo,Sanders,sandersl@my-company.com,HR Specialist,Manages human resources functions and employee relations
Mia,Rodriguez,rodriguezm@my-company.com,Research Technician,"Mia is a precise Research Technician who assists in conducting experiments, collecting data, and maintaining laboratory equipment."
Mia,Martinez,martinezm@my-company.com,Customer Service Manager,Mia is a results-driven Customer Service Manager who leads the customer service team to provide excellent customer support and service.
Mateo,Brooks,brooksm@my-company.com,Software Engineer,Develops and maintains software applications
Ava,Lopez,lopeza@my-company.com,Sales Associate,"Ava is a customer-focused Sales Associate who assists customers, processes sales, and maintains product knowledge."
Daniel,Lee,leed@my-company.com,QA Analyst,Performs software testing and quality assurance
Michael,Johnson,johnsonm@my-company.com,Chief Financial Officer,"Michael is a strategic financial leader with extensive experience in corporate finance and financial planning. As the Chief Financial Officer, he oversees the company's financial operations, manages financial risks, and ensures accurate financial reporting."
Emily,Johnson,johnsone@my-company.com,Financial Analyst,"Emily is a detail-oriented Financial Analyst with expertise in financial modeling, analysis, and forecasting. She supports the finance team by analyzing financial data, preparing reports, and providing insights to inform business decisions."
Lucas,Martin,martinl@my-company.com,Customer Success Manager,Lucas is a dedicated Customer Success Manager who ensures customer satisfaction and retention by providing exceptional support and relationship management.
